{"class_id": "com-snaplogic-export-project", "class_version": 1, "project_name": "Github_Sample_Import", "path": "DatCloudSolutionsDev/projects/Github_Sample_Import", "entries": [{"class_fqid": "com-snaplogic-pipeline_9", "instance_version": 4, "link_serial": 101, "path_id": "/DatCloudSolutionsDev/projects/Github_Sample_Import", "property_map": {"info": {"label": {"value": "github try"}, "author": {"value": "vduggina@datcloudsolutions.com"}, "pipeline_doc_uri": {"value": null}, "notes": {"value": null}, "purpose": {"value": null}}, "error": {"error_behavior": {"value": "none"}}, "settings": {"suspendable": {"value": false}, "error_pipeline": {"value": null, "expression": false}, "error_param_table": {"value": []}, "param_table": {"value": []}, "imports": {"value": []}}, "instance_version": 2, "input": {}, "output": {"ef772b7c-d2cb-44b7-8ca5-93ecdb21f145_output0": {"view_type": {"value": "document"}, "label": {"value": "Mapper - output0"}}}}, "render_map": {"scale_ratio": 1, "pan_x_num": 0, "pan_y_num": 0, "default_snaplex": "63a2fe6156c7f949a950429e", "detail_map": {"ef772b7c-d2cb-44b7-8ca5-93ecdb21f145": {"grid_x_int": 4, "grid_y_int": 2, "rot_int": 0, "recommendation_id": null, "source": "snap catagory", "index": null, "rot_tail_int": 0}, "f3ded114-d5f2-4187-b0a6-64fd2a732aa3": {"grid_x_int": 3, "grid_y_int": 2, "rot_int": 0, "recommendation_id": null, "source": "snap catagory", "index": null, "rot_tail_int": 90, "input": {}}}}, "snap_map": {"ef772b7c-d2cb-44b7-8ca5-93ecdb21f145": {"class_fqid": "com-snaplogic-snaps-transform-datatransform_4-main25112", "class_id": "com-snaplogic-snaps-transform-datatransform", "class_version": 4, "instance_fqid": "ef772b7c-d2cb-44b7-8ca5-93ecdb21f145_2", "instance_version": 2, "property_map": {"info": {"label": {"value": "Mapper"}, "notes": {}}, "input": {"input0": {"view_type": {"value": "document"}, "label": {"value": "input0"}}}, "output": {"output0": {"view_type": {"value": "document"}, "label": {"value": "output0"}}}, "error": {"error0": {"view_type": {"value": "document"}, "label": {"value": "error0"}}, "error_behavior": {"value": "fail"}}, "settings": {"execution_mode": {"value": "Validate & Execute"}, "passThrough": {"value": false}, "transformations": {"value": {"mappingRoot": {"value": "$"}, "mappingTable": {"value": [{"expression": {"expression": true, "value": "$A + $B"}, "targetPath": {"value": "SUM"}}]}}}, "nullSafeAccess": {"value": false}}, "view_serial": 100}, "class_build_tag": "main25112", "instance_id": "ef772b7c-d2cb-44b7-8ca5-93ecdb21f145"}, "f3ded114-d5f2-4187-b0a6-64fd2a732aa3": {"class_fqid": "com-snaplogic-snaps-transform-jsongenerator_2-main25112", "class_id": "com-snaplogic-snaps-transform-jsongenerator", "class_version": 2, "instance_fqid": "f3ded114-d5f2-4187-b0a6-64fd2a732aa3_1", "instance_version": 1, "property_map": {"info": {"label": {"value": "JSON Generator"}, "notes": {}}, "output": {"output0": {"view_type": {"value": "document"}, "label": {"value": "output0"}}}, "error": {"error0": {"view_type": {"value": "document"}, "label": {"value": "error0"}}, "error_behavior": {"value": "fail"}}, "settings": {"execution_mode": {"value": "Validate & Execute"}, "editable_content": {"value": "[\n    {\n        \"A\":10,\n        \"B\":20\n    }\n]"}, "arrayElementsAsDocuments": {"value": true}, "passThroughProp": {"value": false}, "supportTypeExts": {"value": false}}, "view_serial": 100, "input": {}}, "class_build_tag": "main25112", "instance_id": "f3ded114-d5f2-4187-b0a6-64fd2a732aa3"}}, "link_map": {"link100": {"dst_id": "ef772b7c-d2cb-44b7-8ca5-93ecdb21f145", "dst_view_id": "input0", "src_id": "f3ded114-d5f2-4187-b0a6-64fd2a732aa3", "src_view_id": "output0"}}, "class_id": "com-snaplogic-pipeline", "class_version": 9, "instance_id": "99e4acbb-3bfa-4513-8f2e-5b1a3f81b164", "instance_fqid": "99e4acbb-3bfa-4513-8f2e-5b1a3f81b164_4", "create_time": {"$date": 1714027361983}, "update_time": {"$date": 1714027814236}, "update_user_id": "vduggina@datcloudsolutions.com", "create_user_id": "vduggina@datcloudsolutions.com", "migrate_version": "main-22564", "scrub_backup": [], "scrub_version": "bd5ad2571a0eafe60808d55c3e16c0f8e0ae08d67f5369bb3ad9c1921556eb14", "ai_map": {"footprint": "H4sIAAAAAAAAA8srzckBAE/8yyUEAAAA"}, "name": "github try", "org_id": "60a7635bbe5f757a68e36cf6", "org_snode_id": "60a7635bbe5f757a68e36cf6", "partition_snode_id": "60a7635cbe5f757a68e36cfd", "path": "/DatCloudSolutionsDev/projects/Github_Sample_Import/github try", "project_snode_id": "6629fcda50a12c18f68d460d", "snode_id": "6629fb6273622329ac8f30e1", "target_runtime": "standard"}, {"_id": "6629fdbffdc49322c35d9544", "job_name": "github try Task", "job_id": "6629fdbffdc49322c35d9544", "job_class": "PipelineJob", "note": "", "trigger_type": "ScheduleTrigger", "trigger": {}, "schedule": {}, "runs": 0, "parameters": {"pipeline_snode_id": "6629fb6273622329ac8f30e1", "enabled": true, "runtime_path_id": "DatCloudSolutionsDev/rt/sidekick/ClientTestEnv", "llfeed_token": "K7ADIwKJay4oHMYAsj5ZqHweNX8SUyq0", "include_external_urls": true, "pipeline_parameters": {}, "job_type": "standard", "user_id": "vduggina@datcloudsolutions.com", "debug_until": 0}, "last_run_time": null, "path_id": "DatCloudSolutionsDev/projects/Github_Sample_Import", "snode_id": "6629fdc08056dd0bd8a0b2a9", "trace_path": "DatCloudSolutionsDev/projects/Github_Sample_Import/github try Task.trace", "external_run_url": "https://elastic.snaplogic.com/api/1/rest/slsched/feed/DatCloudSolutionsDev/projects/Github_Sample_Import/github%20try%20Task", "local_run_url": "http://datcloudsolutions:8090/api/1/rest/feed/DatCloudSolutionsDev/projects/Github_Sample_Import/github%20try%20Task", "local_run_override_url": "http://datcloudsolutions:8090/api/1/rest/feed/run/task/DatCloudSolutionsDev/projects/Github_Sample_Import/github%20try%20Task", "local_run_secure_url": "https://datcloudsolutions:8081/api/1/rest/feed/DatCloudSolutionsDev/projects/Github_Sample_Import/github%20try%20Task", "local_run_override_secure_url": "https://datcloudsolutions:8081/api/1/rest/feed/run/task/DatCloudSolutionsDev/projects/Github_Sample_Import/github%20try%20Task", "all_local_run_urls": ["http://datcloudsolutions:8090/api/1/rest/feed/DatCloudSolutionsDev/projects/Github_Sample_Import/github%20try%20Task"], "all_local_run_secure_urls": ["https://datcloudsolutions:8081/api/1/rest/feed/DatCloudSolutionsDev/projects/Github_Sample_Import/github%20try%20Task"], "all_local_run_override_urls": ["http://datcloudsolutions:8090/api/1/rest/feed/run/task/DatCloudSolutionsDev/projects/Github_Sample_Import/github%20try%20Task"], "all_local_run_override_secure_urls": ["https://datcloudsolutions:8081/api/1/rest/feed/run/task/DatCloudSolutionsDev/projects/Github_Sample_Import/github%20try%20Task"], "tag_list": null}], "shared": [], "partition_shared": [], "metadata": {"pattern": false}}